<?xml version="1.0" encoding="UTF-8"?>
<beans xmlns="http://www.springframework.org/schema/beans"
    xmlns:xsi="http://www.w3.org/2001/XMLSchema-instance"
    xmlns:mvc="http://www.springframework.org/schema/mvc"
    xmlns:context="http://www.springframework.org/schema/context"
    xsi:schemaLocation="
        http://www.springframework.org/schema/mvc http://www.springframework.org/schema/mvc/spring-mvc-3.0.xsd
        http://www.springframework.org/schema/beans http://www.springframework.org/schema/beans/spring-beans-3.0.xsd
        http://www.springframework.org/schema/context http://www.springframework.org/schema/context/spring-context-3.0.xsd">
 
 
    <!-- 相关包扫描的基本路径，包括@Controller, @Service, @Configuration等等 -->
    <context:component-scan base-package="com.http.testrestfulrpc" />
 
    <!-- 开启 Spring MVC @Controller 模式 -->
    <mvc:annotation-driven />
    
   <bean id="contentNegotiatingViewResolver" class="org.springframework.web.servlet.view.ContentNegotiatingViewResolver">
		<!-- 在没有扩展名 时的默认展现形式 -->
		<property name="defaultContentType" value="application/xml" />
		<!-- 扩展名至mimeType的映射,即 /user.json => application/json -->
		<property name="mediaTypes">
			<map>
				<entry key="html" value="text/html" />
				<entry key="json" value="application/json" />
				<entry key="xml" value="application/xml" />
			</map>
		</property>
		<property name="defaultViews">
			<list>
				<ref bean="mappingJacksonJsonView" />
				<ref bean="marshallingView" />
			</list>
		</property>
	</bean>

	<!-- 转换对象 -->
	<bean id="jaxb2Marshaller" class="org.springframework.oxm.jaxb.Jaxb2Marshaller">
		<property name="classesToBeBound">
			<array>
				<value>com.http.testrestfulrpc.JsonResult</value>
			</array>
		</property>
	</bean>

	<!-- 输出为JSON数据 -->
	<bean id="mappingJacksonJsonView"
		class="org.springframework.web.servlet.view.json.MappingJacksonJsonView">
		<property name="prefixJson" value="false" />
	</bean>
	
	<!-- 输出为xml数据 -->
	<bean id="marshallingView"
		class="org.springframework.web.servlet.view.xml.MarshallingView">
		<constructor-arg ref="jaxb2Marshaller" />
	</bean>

 
</beans>
